key,canonical,code,name,address,provinceCode
1349|JUAN+SAN,AV. SAN JUAN 1349,CORR1,"PUESTO DE CORRECCIÓN","AV. SAN JUAN 1349",C
1349|JUAN+SAN,AV. SAN JUAN 1349,CORR3,"PUESTO DE CORRECCIÓN 2","AV. SAN JUAN 1349",C
1349|JUAN+SAN,AV. SAN JUAN 1349,I0011,"CIRCULARES 1 STS","AV. SAN JUAN 1349",C
1349|JUAN+SAN,AV. SAN JUAN 1349,I0110,"CIRCULARES 2 STS","AV. SAN JUAN 1349",C
1349|JUAN+SAN,AV. SAN JUAN 1349,I0210,"SUPERVISIÓN STS - OPT","AV. SAN JUAN 1349",C
1349|JUAN+SAN,AV. SAN JUAN 1349,I1485,"CF - SIT 1","AV. SAN JUAN 1349",C
1349|JUAN+SAN,AV. SAN JUAN 1349,I1486,"CF - SIT 2","AV. SAN JUAN 1349",C
1349|JUAN+SAN,AV. SAN JUAN 1349,I1487,"CF - SIT 3","AV. SAN JUAN 1349",C
1349|JUAN+SAN,AV. SAN JUAN 1349,I1491,"BAIRES I","AV. SAN JUAN 1349",C
1349|JUAN+SAN,AV. SAN JUAN 1349,I5623,"BAIRESTF 1 CF","AV. SAN JUAN 1349",C
1349|JUAN+SAN,AV. SAN JUAN 1349,I5928,"CF - CDD 34","AV. SAN JUAN 1349",C
1349|JUAN+SAN,AV. SAN JUAN 1349,I5997,"CALL CENTER GIROS","AV. SAN JUAN 1349",C
1349|JUAN+SAN,AV. SAN JUAN 1349,I6088,"CF - SIT 4","AV. SAN JUAN 1349",C
1349|JUAN+SAN,AV. SAN JUAN 1349,I6271,"CTT BAIRES SUPERVISIÓN","AV. SAN JUAN 1349",C
1349|JUAN+SAN,AV. SAN JUAN 1349,I6900,"TELEFONOGRAMAS","AV. SAN JUAN 1349",C
1349|JUAN+SAN,AV. SAN JUAN 1349,I9982,"BAIRESI2 - TELECOMSPA","AV. SAN JUAN 1349",C
1349|JUAN+SAN,AV. SAN JUAN 1349,C2060,"SAN JUAN Y SAN JOSE","SAN JUAN 1349",C
1349|JUAN+SAN,AV. SAN JUAN 1349,O3000,"CALL CENTER-ATENCION AL CLIEN.","SAN JUAN 1349",C
1349|JUAN+SAN,AV. SAN JUAN 1349,O3002,"TELEFONOGRAMAS AV. SAN JUAN","SAN JUAN 1349",C
1349|JUAN+SAN,AV. SAN JUAN 1349,O3006,"SUCURSAL PAGO ELECTRONICO","SAN JUAN 1349",C
1349|JUAN+SAN,AV. SAN JUAN 1349,O3501,"SEDE AV. SAN JUAN","SAN JUAN 1349",C
1349|JUAN+SAN,AV. SAN JUAN 1349,O6014,"CTT METRO","SAN JUAN 1349",C
1349|JUAN+SAN,AV. SAN JUAN 1349,I5908,"TELEG TRANSMISIÓN CENTRAL 1","AV SAN JUAN 1349",C
1349|JUAN+SAN,AV. SAN JUAN 1349,I5301,"TELEG TRANSMISIÓN CENTRAL","AV SAN JUAN 1349",C
1349|JUAN+SAN,AV. SAN JUAN 1349,I1492,"BAIRESTF","AV SAN JUAN 1349",C
1349|JUAN+SAN,AV. SAN JUAN 1349,I9981,"TELEG BAIRESI1-ANTEL","AV SAN JUAN 1349",C
1101|FAIR,AV. FAIR 1101,I5878,"SISTEMA DE GIROS Y TRANSFERENCIA CF","AV. FAIR 1101",B
1101|FAIR,AV. FAIR 1101,I9801,"BAIRES - A CF","AV. FAIR 1101",B
1101|FAIR,AV. FAIR 1101,B1563,"SEDE OPERATIVA CENTRAL","FAIR 1101",B
1101|FAIR,AV. FAIR 1101,O3503,"PLANTA MONTE GRANDE","FAIR 1101",B
1101|FAIR,AV. FAIR 1101,O5597,"ADMISION GDES. CLIENTES PLANTA","FAIR 1101",B
1101|FAIR,AV. FAIR 1101,O5996,"DEPENDENCIA ADM. FACTURACION M","FAIR 1101",B
1101|FAIR,AV. FAIR 1101,O5998,"ALMACEN CENTRAL","FAIR 1101",B
1101|FAIR,AV. FAIR 1101,O6003,"SUCURSAL VIRTUAL POLIZAS","FAIR 1101",B
1101|FAIR,AV. FAIR 1101,O6100,"CTP BUENOS AIRES","FAIR 1101",B
1101|FAIR,AV. FAIR 1101,O6127,"CTP-BUE GRANDES CLIENTES","FAIR 1101",B
1101|FAIR,AV. FAIR 1101,O6136,"CTP BUE-PAS","FAIR 1101",B
1101|FAIR,AV. FAIR 1101,O9000,"BACK OFFICE METRO","FAIR 1101",B
1101|FAIR,AV. FAIR 1101,O9990,"CAPACITACION","FAIR 1101",B
1101|FAIR,AV. FAIR 1101,O9995,"TABLAS PILOTO","FAIR 1101",B
1101|FAIR,AV. FAIR 1101,O9997,"TABLAS INTEGRACION","FAIR 1101",B
1101|FAIR,AV. FAIR 1101,O9998,"MESA DE AYUDA","FAIR 1101",B
1101|FAIR,AV. FAIR 1101,O9999,"ADMINISTRACION DE USUARIOS","FAIR 1101",B
NONE|BELGRANO+MANUEL,BELGRANO DOCTOR MANUEL,B4342,"12 DE OCTUBRE UP 1","BELGRANO DOCTOR MANUEL",B
NONE|BELGRANO+MANUEL,BELGRANO DOCTOR MANUEL,G0024,"FORRES","BELGRANO MANUEL",G
NONE|BELGRANO+MANUEL,BELGRANO DOCTOR MANUEL,G0048,"OJO DE AGUA","BELGRANO MANUEL",G
NONE|BELGRANO+MANUEL,BELGRANO DOCTOR MANUEL,J3285,"MEDIA AGUA UP MICROINFORMATICA","BELGRANO MANUEL",J
NONE|BELGRANO+MANUEL,BELGRANO DOCTOR MANUEL,K0028,"HUALFIN","BELGRANO MANUEL",K
NONE|BELGRANO+MANUEL,BELGRANO DOCTOR MANUEL,M3941,"MUNDO UP FERRETERIA LUBRICENTR","BELGRANO MANUEL",M
NONE|BELGRANO+MANUEL,BELGRANO DOCTOR MANUEL,O7247,"FORRES - CDD","BELGRANO MANUEL",G
NONE|BELGRANO+MANUEL,BELGRANO DOCTOR MANUEL,O7307,"CAUCETE - CDD","BELGRANO MANUEL",J
NONE|BELGRANO+MANUEL,BELGRANO DOCTOR MANUEL,O7496,"MARGARITA - CDD","BELGRANO MANUEL",S
NONE|BELGRANO+MANUEL,BELGRANO DOCTOR MANUEL,O8152,"MIGUEL CANE","BELGRANO MANUEL",L
NONE|BELGRANO+MANUEL,BELGRANO DOCTOR MANUEL,P0042,"VILLA GRAL. GUEMES","BELGRANO MANUEL",P
NONE|BELGRANO+MANUEL,BELGRANO DOCTOR MANUEL,S0102,"MARGARITA","BELGRANO MANUEL",S
NONE|BELGRANO+MANUEL,BELGRANO DOCTOR MANUEL,S1304,"COMUNA SAN EUGENIO","BELGRANO MANUEL",S
NONE|BELGRANO+MANUEL,BELGRANO DOCTOR MANUEL,W3254,"SANTA ROSA - MUNICIPALIDAD","BELGRANO DOCTOR MANUEL",W
NONE|BELGRANO+MANUEL,BELGRANO DOCTOR MANUEL,X5445,"LOS CHAÑARITOS COMUNA","BELGRANO MANUEL",X
NONE|BELGRANO+MANUEL,BELGRANO DOCTOR MANUEL,X7115,"BUCHARDO MUNICIPALIDAD","BELGRANO MANUEL",X
1|BELGRANO+MANUEL,BELGRANO DOCTOR MANUEL 1,D3199,"V LA QUEBRADA UP MUNICIPALIDAD","BELGRANO MANUEL 1",D
1|BELGRANO+MANUEL,BELGRANO DOCTOR MANUEL 1,O7237,"BANDERA - CDD","BELGRANO MANUEL 1",G
1|BELGRANO+MANUEL,BELGRANO DOCTOR MANUEL 1,O7258,"PINTO - CDD","BELGRANO DOCTOR MANUEL 1",G
1|BELGRANO+MANUEL,BELGRANO DOCTOR MANUEL 1,O7619,"BELLA VISTA - CDD","BELGRANO MANUEL 1",T
1|BELGRANO+MANUEL,BELGRANO DOCTOR MANUEL 1,O7734,"SACANTA - - CDD -","BELGRANO DOCTOR MANUEL 1",X
1|BELGRANO+MANUEL,BELGRANO DOCTOR MANUEL 1,O7804,"MAIMARA - CDD","BELGRANO MANUEL 1",Y
1|BELGRANO+MANUEL,BELGRANO DOCTOR MANUEL 1,O7809,"TILCARA - CDD","BELGRANO DOCTOR MANUEL 1",Y
1|BELGRANO+MANUEL,BELGRANO DOCTOR MANUEL 1,O8050,"GOBERNADOR ROCA - CD","BELGRANO DOCTOR MANUEL 1",N
1|BELGRANO+MANUEL,BELGRANO DOCTOR MANUEL 1,O8102,"J. DE SAN MARTIN - C","BELGRANO DOCTOR MANUEL 1",U
1|BELGRANO+MANUEL,BELGRANO DOCTOR MANUEL 1,T3285,"MONTEAGUDO SUPER SAN JOSE","BELGRANO MANUEL 1",T
1|BELGRANO+MANUEL,BELGRANO DOCTOR MANUEL 1,U0034,"JOSE DE SAN MARTIN","BELGRANO DOCTOR MANUEL 1",U
1|BELGRANO+MANUEL,BELGRANO DOCTOR MANUEL 1,X0144,"POZO DEL MOLLE","BELGRANO DOCTOR MANUEL 1",X
1|BELGRANO+MANUEL,BELGRANO DOCTOR MANUEL 1,X6608,"LAS VARILLAS CENTRO COM E INDU","BELGRANO DOCTOR MANUEL 1",X
1|BELGRANO+MANUEL,BELGRANO DOCTOR MANUEL 1,X6858,"CANALS EMPO 2000","BELGRANO DOCTOR MANUEL 1",X
NONE|PUBLICA,CALLE PUBLICA,E0138,"VILLA SAN MARCIAL","PUBLICA",E
NONE|PUBLICA,CALLE PUBLICA,E3559,"JUNTA DE GOB. VILLA FONTANA","PUBLICA",E
NONE|PUBLICA,CALLE PUBLICA,E3742,"V. SAN MARCIAL - SALON URQUIZA","PUBLICA",E
NONE|PUBLICA,CALLE PUBLICA,E3781,"PARANA - VIRTU SRL","PUBLICA",E
NONE|PUBLICA,CALLE PUBLICA,F3223,"PUNTA DE LLANOS UP POLIRU MABY","PUBLICA",F
NONE|PUBLICA,CALLE PUBLICA,G0012,"CHOYA","CALLE PUBLICA",G
NONE|PUBLICA,CALLE PUBLICA,G0082,"VINARÁ","CALLE PUBLICA",G
NONE|PUBLICA,CALLE PUBLICA,G1274,"SANTOS LUGARES","CALLE PUBLICA",G
NONE|PUBLICA,CALLE PUBLICA,K3294,"PIEDRA BLCA UP CORR.Y FERR NIZ","PUBLICA",K
NONE|PUBLICA,CALLE PUBLICA,X3086,"TULUMBA MUNICIPALIDAD","PUBLICA",X
NONE|PUBLICA,CALLE PUBLICA,X6741,"VILLA DE POCHO COMUNA","PUBLICA",X
102|SARMIENTO,AV. SARMIENTO 102,I2003,"RESISTENCIA","AV. SARMIENTO 102",H
102|SARMIENTO,AV. SARMIENTO 102,H0000,"RESISTENCIA","SARMIENTO 102",H
102|SARMIENTO,AV. SARMIENTO 102,O5026,"ADMISION RESISTENCIA","SARMIENTO 102",H
102|SARMIENTO,AV. SARMIENTO 102,O5056,"DEPENDENCIA ADM RESISTENCIA","SARMIENTO 102",H
102|SARMIENTO,AV. SARMIENTO 102,O5086,"TESORERIA  RESISTENCIA","SARMIENTO 102",H
102|SARMIENTO,AV. SARMIENTO 102,O6121,"RESISTENCIA","SARMIENTO 102",H
102|SARMIENTO,AV. SARMIENTO 102,O6509,"CDP RESISTENCIA","SARMIENTO 102",H
102|SARMIENTO,AV. SARMIENTO 102,O7879,"RESISTENCIA","SARMIENTO 102",H
102|SARMIENTO,AV. SARMIENTO 102,O9008,"BACK OFFICE RESISTENCIA","SARMIENTO 102",H
102|SARMIENTO,AV. SARMIENTO 102,X7126,"CORDOBA PLANET.COM","SARMIENTO 102",X
2460|LURO+PEDRO,AV. PEDRO LURO 2460,I1363,"MAR DEL PLATA","AV. PEDRO LURO 2460",B
2460|LURO+PEDRO,AV. PEDRO LURO 2460,B0900,"MAR DEL PLATA","LURO PEDRO 2460",B
2460|LURO+PEDRO,AV. PEDRO LURO 2460,O5011,"DEPENDENCIA ADM MAR DEL PLATA","LURO PEDRO 2460",B
2460|LURO+PEDRO,AV. PEDRO LURO 2460,O5065,"ADMISION MAR DEL PLATA","LURO PEDRO 2460",B
2460|LURO+PEDRO,AV. PEDRO LURO 2460,O6111,"MAR DEL PLATA","LURO PEDRO 2460",B
2460|LURO+PEDRO,AV. PEDRO LURO 2460,O6503,"MAR DEL PLATA","LURO PEDRO 2460",B
2460|LURO+PEDRO,AV. PEDRO LURO 2460,O7873,"MAR DEL PLATA CDD 1","LURO PEDRO 2460",B
2460|LURO+PEDRO,AV. PEDRO LURO 2460,O9005,"BACK OFFICE MAR DEL PLATA","LURO PEDRO 2460",B
51|456,AV. 51 456,I1161,"LA PLATA","AV. 51 456",B
51|456,AV. 51 456,B0200,"LA PLATA","51 456",B
51|456,AV. 51 456,B1950,"LA PLATA","51 456",B
51|456,AV. 51 456,O5002,"ADMINISTRACION REGIONAL BS AS","51 456",B
51|456,AV. 51 456,O5004,"ADMISION G.C. BUENOS AIRES","51 456",B
51|456,AV. 51 456,O6504,"LA PLATA","51 456",B
51|456,AV. 51 456,O7914,"LA PLATA CDD 3","51 456",B
51|456,AV. 51 456,O9004,"BACK OFFICE LA PLATA","51 456",B
NONE|PUBLICA+S/N,CALLE PUBLICA S/N,E3647,"PASO DE LA LAGUNA - COMUNA","CALLE PUBLICA S/N",E
NONE|PUBLICA+S/N,CALLE PUBLICA S/N,G3333,"NVA ESP UP PAGO FACIL RAPELLI","CALLE PUBLICA S/N",G
NONE|PUBLICA+S/N,CALLE PUBLICA S/N,K0030,"HUILLAPIMA","CALLE PUBLICA S/N",K
NONE|PUBLICA+S/N,CALLE PUBLICA S/N,K0034,"LA PUERTA","CALLE PUBLICA S/N",K
NONE|PUBLICA+S/N,CALLE PUBLICA S/N,K3337,"HUILLAPIMA UP MUNI HUILLAPIMA","CALLE PUBLICA S/N",K
NONE|PUBLICA+S/N,CALLE PUBLICA S/N,X2028,"LAS PALMAS COMUNA","PUBLICA S/N",X
NONE|PUBLICA+S/N,CALLE PUBLICA S/N,X6705,"OLIVARES DE SAN NICOLASCOMUNA","PUBLICA S/N",X
NONE|MARIANO+MORENO,MORENO DOCTOR MARIANO,B6066,"TODD UP 1","MORENO DOCTOR MARIANO",B
NONE|MARIANO+MORENO,MORENO DOCTOR MARIANO,F3241,"ULAPES UP NOVEDADES VALENTINA","MORENO DOCTOR MARIANO",F
NONE|MARIANO+MORENO,MORENO DOCTOR MARIANO,F3242,"AIMOGASTA UP AUT S ALE-SAN-DI","MORENO MARIANO",F
NONE|MARIANO+MORENO,MORENO DOCTOR MARIANO,O7681,"SAN COSME - CDD","MORENO DOCTOR MARIANO",W
NONE|MARIANO+MORENO,MORENO DOCTOR MARIANO,O8100,"ALTO RIO SENGUER - C","MORENO DOCTOR MARIANO",U
NONE|MARIANO+MORENO,MORENO DOCTOR MARIANO,X6291,"COSTA SACATE COMUNA","MORENO DOCTOR MARIANO",X
NONE|N+PUBLICA+S,CALLE PUBLICA S N,X1234,"LAS CALLES COMUNA","PUBLICA S N",X
NONE|N+PUBLICA+S,CALLE PUBLICA S N,X1236,"LAS RABONAS COMUNA","PUBLICA S N",X
NONE|N+PUBLICA+S,CALLE PUBLICA S N,X1560,"CHURQUI CAÑADA COMUNA","PUBLICA S N",X
NONE|N+PUBLICA+S,CALLE PUBLICA S N,X1670,"LOS POZOS COMUNA","PUBLICA S N",X
NONE|N+PUBLICA+S,CALLE PUBLICA S N,X1724,"SIMBOLAR","PUBLICA S N",X
NONE|N+PUBLICA+S,CALLE PUBLICA S N,Y0010,"EL AGUILAR","CALLE PUBLICA S N",Y
2000|COMODORO+PY,AV COMODORO PY 2000,O6128,"PTA. A PTA. BAIRES","PY COMODORO 2000",C
2000|COMODORO+PY,AV COMODORO PY 2000,O6507,"VIA RAPIDA","PY COMODORO 2000",C
2000|COMODORO+PY,AV COMODORO PY 2000,O7824,"CASA CENTRAL CDD","PY COMODORO 2000",C
2000|COMODORO+PY,AV COMODORO PY 2000,O8193,"GDES.CLIENTES C.CENTRAL","PY COMODORO 2000",C
2000|COMODORO+PY,AV COMODORO PY 2000,C5290,"CAYE RETIRO","AV COMODORO PY 2000",C
1352|PUEYRREDON,AV. PUEYRREDON 1352,I1913,"CDD 12 BAIRES CF","AV. PUEYRREDON 1352",C
1352|PUEYRREDON,AV. PUEYRREDON 1352,C0012,"BARRIO NORTE","PUEYRREDON 1352",C
1352|PUEYRREDON,AV. PUEYRREDON 1352,O7859,"12","PUEYRREDON 1352",C
1352|PUEYRREDON,AV. PUEYRREDON 1352,I6184,"TELEG CDD 12 BAIRES AUX - CF","PUEYRREDON 1352",C
22|BERNARDO+VACCHINA,BERNARDO VACCHINA 22,I2047,"RAWSON","BERNARDO VACCHINA 22",U
22|BERNARDO+VACCHINA,BERNARDO VACCHINA 22,O5083,"ADMISION RAWSON","VACCHINA BERNARDO 22",U
22|BERNARDO+VACCHINA,BERNARDO VACCHINA 22,O7662,"RAWSON - CDD","VACCHINA BERNARDO 22",U
22|BERNARDO+VACCHINA,BERNARDO VACCHINA 22,U0120,"RAWSON","VACCHINA BERNARDO 22",U
334|SARMIENTO,AV. SARMIENTO 334,I2624,"APÓSTOLES","AV. SARMIENTO 334",N
334|SARMIENTO,AV. SARMIENTO 334,N0004,"APOSTOLES","SARMIENTO 334",N
334|SARMIENTO,AV. SARMIENTO 334,O7368,"APOSTOLES - CDD","SARMIENTO 334",N
334|SARMIENTO,AV. SARMIENTO 334,Q3360,"CHOS MALAL-EBEN-EZER ZAPATERIA","SARMIENTO 334",Q
NONE|S/N,CALLE S/N,E3570,"UNIDAD POSTAL GENERAL ALVEAR","CALLE S/N",E
NONE|S/N,CALLE S/N,X1240,"TALA CAÑADA COMUNA","S/N",X
NONE|S/N,CALLE S/N,X6669,"LA CUMBRECITA COOP. LUZ Y AGUA","S/N",X
NONE|S/N,CALLE S/N,X6726,"SIMBOLAR COMUNA","S/N",X
1101|BELGRANO+MANUEL,BELGRANO DOCTOR MANUEL 1101,I1287,"BRAGADO","DR. MANUEL BELGRANO 1101",B
1101|BELGRANO+MANUEL,BELGRANO DOCTOR MANUEL 1101,B0320,"BRAGADO","BELGRANO DOCTOR MANUEL 1101",B
1101|BELGRANO+MANUEL,BELGRANO DOCTOR MANUEL 1101,O7038,"BRAGADO","BELGRANO DOCTOR MANUEL 1101",B
1192|ALVEAR,AV. ALVEAR 1192,I2052,"ESQUEL","AV. ALVEAR 1192",U
1192|ALVEAR,AV. ALVEAR 1192,O7657,"ESQUEL - CDD","ALVEAR 1192",U
1192|ALVEAR,AV. ALVEAR 1192,U0110,"ESQUEL","ALVEAR 1192",U
14178|RIVADAVIA,AV. RIVADAVIA 14178,I1064,"RAMOS MEJIA","AV. RIVADAVIA 14178",B
14178|RIVADAVIA,AV. RIVADAVIA 14178,B0172,"RAMOS MEJIA","RIVADAVIA 14178",B
14178|RIVADAVIA,AV. RIVADAVIA 14178,O7850,"RAMOS MEJIA","RIVADAVIA 14178",B
184|ARGENTINA,AV. ARGENTINA 184,I2151,"LA FALDA","AV. ARGENTINA 184",X
184|ARGENTINA,AV. ARGENTINA 184,O7717,"LA FALDA","ARGENTINA 184",X
184|ARGENTINA,AV. ARGENTINA 184,X0096,"LA FALDA","ARGENTINA 184",X
189|ARISTOBULO+VALLE,ARISTOBULO DEL VALLE 189,I6254,"CDD RIVADAVIA","ARISTOBULO DEL VALLE 189",M
189|ARISTOBULO+VALLE,ARISTOBULO DEL VALLE 189,M0080,"RIVADAVIA","DEL VALLE ARISTOBULO 189",M
189|ARISTOBULO+VALLE,ARISTOBULO DEL VALLE 189,O7357,"RIVADAVIA - CDD","DEL VALLE ARISTOBULO 189",M
192|BELGRANO+MANUEL,AV. MANUEL BELGRANO 192,I2932,"SUNCHALES","AV. MANUEL BELGRANO 192",S
192|BELGRANO+MANUEL,AV. MANUEL BELGRANO 192,O7526,"SUNCHALES - CDD","BELGRANO MANUEL 192",S
192|BELGRANO+MANUEL,AV. MANUEL BELGRANO 192,S0186,"SUNCHALES","BELGRANO MANUEL 192",S
1972|FILIPPINI,AV. FILIPPINI 1972,I2884,"VILLA GOBERNADOR GÁLVEZ","AV. FILIPPINI 1972",S
1972|FILIPPINI,AV. FILIPPINI 1972,O8089,"VILLA GOBERNADOR GAL","FILIPPINI 1972",S
1972|FILIPPINI,AV. FILIPPINI 1972,S0494,"VILLA G. GALVEZ","FILIPPINI 1972",S
201|CABRED+DOMINGO,CABRED DOCTOR DOMINGO 201,I2739,"GENERAL GÜEMES","DR. DOMINGO CABRED 201",A
201|CABRED+DOMINGO,CABRED DOCTOR DOMINGO 201,A0021,"GENERAL GUEMES","CABRED DOCTOR DOMINGO 201",A
201|CABRED+DOMINGO,CABRED DOCTOR DOMINGO 201,O7009,"GRAL GUEMES - CDD","CABRED DOCTOR DOMINGO 201",A
207|SARMIENTO,AV. SARMIENTO 207,I2473,"LA QUIACA","AV. SARMIENTO 207",Y
207|SARMIENTO,AV. SARMIENTO 207,O7803,"LA QUIACA - CDD","SARMIENTO 207",Y
207|SARMIENTO,AV. SARMIENTO 207,Y0022,"LA QUIACA","SARMIENTO 207",Y
218|MORENO,AV. MORENO 218,I1351,"TRES ARROYOS","AV. MORENO 218",B
218|MORENO,AV. MORENO 218,B0529,"TRES ARROYOS","MORENO 218",B
218|MORENO,AV. MORENO 218,O7089,"TRES ARROYOS - CDD","MORENO 218",B
22|653,CALLE 22 653,I2501,"GENERAL PICO","CALLE 22 653",L
22|653,CALLE 22 653,L0032,"GRAL. PICO","22 653",L
22|653,CALLE 22 653,O8150,"GENERAL PICO","22 653",L
22|BLUMETTI,AV. BLUMETTI 22,I2690,"CINCO SALTOS","AV. BLUMETTI 22",R
22|BLUMETTI,AV. BLUMETTI 22,O7439,"CINCO SALTOS","BLUMETTI 22",R
22|BLUMETTI,AV. BLUMETTI 22,R0212,"CINCO SALTOS","BLUMETTI 22",R
2349|CABILDO,AV. CABILDO 2349,I1464,"CF - CDD 28","AV. CABILDO 2349",C
2349|CABILDO,AV. CABILDO 2349,C0028,"BELGRANO","CABILDO 2349",C
2349|CABILDO,AV. CABILDO 2349,O7830,"28","CABILDO 2349",C
2351|EMILIO+PETTORUTI,EMILIO PETTORUTI 2351,I3162,"CÓRDOBA CDD 9","EMILIO PETTORUTI 2351",X
2351|EMILIO+PETTORUTI,EMILIO PETTORUTI 2351,O7948,"CORDOBA CDD 9","PETTORUTI EMILIO 2351",X
2351|EMILIO+PETTORUTI,EMILIO PETTORUTI 2351,X6728,"CAYE 1 CORDOBA","PETTORUTI EMILIO 2351",X
266|INDEPENDENCIA,AV. INDEPENDENCIA 266,I2251,"LABOULAYE","AV. INDEPENDENCIA 266",X
266|INDEPENDENCIA,AV. INDEPENDENCIA 266,O7777,"LABOULAYE","AV. INDEPENDENCIA 266",X
266|INDEPENDENCIA,AV. INDEPENDENCIA 266,X0400,"LABOULAYE","INDEPENDENCIA 266",X
293|ALEJANDRO+GOBERNADOR+MAIZ,GOBERNADOR ALEJANDRO MAIZ 293,I2054,"PUERTO MADRYN","GOBERNADOR ALEJANDRO MAIZ 293",U
293|ALEJANDRO+GOBERNADOR+MAIZ,GOBERNADOR ALEJANDRO MAIZ 293,O7660,"PUERTO MADRYN - CDD","MAIZ GOBERNADOR ALEJANDRO 293",U
293|ALEJANDRO+GOBERNADOR+MAIZ,GOBERNADOR ALEJANDRO MAIZ 293,U0116,"PUERTO MADRYN","MAIZ GOBERNADOR ALEJANDRO 293",U
3390|MONROE,AV. MONROE 3390,I1929,"CDD 30","AV. MONROE 3390",C
3390|MONROE,AV. MONROE 3390,C0030,"COGHLAN","MONROE 3390",C
3390|MONROE,AV. MONROE 3390,O7860,"30","MONROE 3390",C
359|BELGRANO+MANUEL,MANUEL BELGRANO 359,I2590,"MAIPÚ","MANUEL BELGRANO 359",M
359|BELGRANO+MANUEL,MANUEL BELGRANO 359,B0984,"MAIPU","BELGRANO MANUEL 359",B
359|BELGRANO+MANUEL,MANUEL BELGRANO 359,O7153,"MAIPU - CDD","BELGRANO MANUEL 359",B
37|226,CALLE 37 226,I1315,"SANTA TERESITA","CALLE 37 226",B
37|226,CALLE 37 226,B0958,"SANTA TERESITA","37 226",B
37|226,CALLE 37 226,O7147,"SANTA TERESITA - CDD","37 226",B
390|BELGRANO+MANUEL,AV. DR. MANUEL BELGRANO 390,I1137,"AVELLANEDA","AV. DR. MANUEL BELGRANO 390",B
390|BELGRANO+MANUEL,AV. DR. MANUEL BELGRANO 390,B0063,"AVELLANEDA","BELGRANO DOCTOR MANUEL 390",B
390|BELGRANO+MANUEL,AV. DR. MANUEL BELGRANO 390,O7834,"AVELLANEDA","BELGRANO DOCTOR MANUEL 390",B
4|2037,CALLE 4 2037,I1313,"SAN CLEMENTE DEL TUYU","CALLE 4 2037",B
4|2037,CALLE 4 2037,B0957,"SAN CLEMENTE DEL TUYU","4 2037",B
4|2037,CALLE 4 2037,O8003,"SAN CLEMENTE DEL TUY","4 2037",B
446|ESPAÑA,AV. ESPAÑA 446,I2782,"VILLA KRAUSE","AV. ESPAÑA 446",J
446|ESPAÑA,AV. ESPAÑA 446,J0048,"VILLA KRAUSE","ESPAÑA 446",J
446|ESPAÑA,AV. ESPAÑA 446,O7317,"VILLA KRAUSE - CDD","ESPAÑA 446",J
495|BELGRANO+MANUEL,MANUEL BELGRANO 495,I2444,"LIBERTADOR GRAL SAN MARTÍN","MANUEL BELGRANO 495",Y
495|BELGRANO+MANUEL,MANUEL BELGRANO 495,O8134,"LIBERTADOR GENERAL -","BELGRANO MANUEL 495",Y
495|BELGRANO+MANUEL,MANUEL BELGRANO 495,Y0024,"LIB. GRAL. SAN MARTIN","BELGRANO MANUEL 495",Y
5|RIVADAVIA,AV. RIVADAVIA 5,I1217,"JUNÍN CDD","AV. RIVADAVIA 5",B
5|RIVADAVIA,AV. RIVADAVIA 5,B0355,"JUNIN","RIVADAVIA 5",B
5|RIVADAVIA,AV. RIVADAVIA 5,O7054,"JUNIN","RIVADAVIA 5",B
520|1422,CALLE 520 1422,I5924,"LA PLATA CDD 4","CALLE 520 1422",B
520|1422,CALLE 520 1422,B0207,"LA PLATA 7","520 1422",B
520|1422,CALLE 520 1422,O7966,"LA PLATA CDD 4","520 1422",B
530|MAIORANO+MANSUETO,MANSUETO MAIORANO 530,I2885,"ARROYO SECO","MANSUETO MAIORANO 530",S
530|MAIORANO+MANSUETO,MANSUETO MAIORANO 530,O7551,"ARROYO SECO - CDD","MAIORANO MANSUETO 530",S
530|MAIORANO+MANSUETO,MANSUETO MAIORANO 530,S0325,"ARROYO SECO","MAIORANO MANSUETO 530",S
556|LIBERTADOR,AV. DEL LIBERTADOR 556,I1070,"MERLO","AV. DEL LIBERTADOR 556",B
556|LIBERTADOR,AV. DEL LIBERTADOR 556,B0170,"MERLO","DEL LIBERTADOR 556",B
556|LIBERTADOR,AV. DEL LIBERTADOR 556,O7862,"MERLO","DEL LIBERTADOR 556",B
577|LIBERTADOR,AV. LIBERTADOR 577,I2160,"ALTA GRACIA","AV. LIBERTADOR 577",X
577|LIBERTADOR,AV. LIBERTADOR 577,O7705,"ALTA GRACIA","LIBERTADOR 577",X
577|LIBERTADOR,AV. LIBERTADOR 577,X0027,"ALTA GRACIA","LIBERTADOR 577",X
58|3088,AV. 58 3088,I1377,"NECOCHEA","AV. 58 3088",B
58|3088,AV. 58 3088,B0951,"NECOCHEA","58 3088",B
58|3088,AV. 58 3088,O7142,"NECOCHEA - CDD","58 3088",B
735|BELGRANO+MANUEL,MANUEL BELGRANO 735,I2919,"GALVEZ","MANUEL BELGRANO 735",S
735|BELGRANO+MANUEL,MANUEL BELGRANO 735,O7476,"GALVEZ - CDD","BELGRANO MANUEL 735",S
735|BELGRANO+MANUEL,MANUEL BELGRANO 735,S0056,"GALVEZ","BELGRANO MANUEL 735",S
9|920+JULIO,AV. 9 DE JULIO 920,I2425,"FORMOSA","AV. 9 DE JULIO 920",P
9|920+JULIO,AV. 9 DE JULIO 920,O7401,"FORMOSA - CDD","9 DE JULIO 920",P
9|920+JULIO,AV. 9 DE JULIO 920,P0012,"FORMOSA","9 DE JULIO 920",P
921|MARIANO+MORENO,MORENO DOCTOR MARIANO 921,I2377,"VILLAGUAY","DR. MARIANO MORENO 921",E
921|MARIANO+MORENO,MORENO DOCTOR MARIANO 921,E0140,"VILLAGUAY","MORENO DOCTOR MARIANO 921",E
921|MARIANO+MORENO,MORENO DOCTOR MARIANO 921,O7212,"VILLAGUAY - CDD","MORENO DOCTOR MARIANO 921",E
998|JUAN+SITJANIN,JUAN SITJANIN 998,I2301,"PASO DE LOS LIBRES","JUAN SITJANIN 998",W
998|JUAN+SITJANIN,JUAN SITJANIN 998,O8108,"P. DE LOS LIBRES - C","SITJANIN JUAN 998",W
998|JUAN+SITJANIN,JUAN SITJANIN 998,W0042,"PASO DE LOS LIBRES","SITJANIN JUAN 998",W
NONE|AMERICAS,DE LAS AMERICAS,K0024,"FIAMBALA","LAS AMERICAS",K
NONE|AMERICAS,DE LAS AMERICAS,K3349,"FIAMBALA UP MUNICIPALIDAD","LAS AMERICAS",K
NONE|AMERICAS,DE LAS AMERICAS,N3344,"GARUHAPE - LIBRERIA AGAPE","DE LAS AMERICAS",N
10523|ANDES+BANDERA,AV. BANDERA DE LOS ANDES 10523,I6290,"RODEO DE LA CRUZ CDD","AV. BANDERA DE LOS ANDES 10523",M
10523|ANDES+BANDERA,AV. BANDERA DE LOS ANDES 10523,M0082,"RODEO  DE LA CRUZ","BANDERA DE LOS ANDES 10523",M
1100|ANTARTIDA+ARGENTINA,AV. ANTARTIDA ARGENTINA 1100,I5270,"AYUDA 1","AV. ANTARTIDA ARGENTINA 1100",C
1100|ANTARTIDA+ARGENTINA,AV. ANTARTIDA ARGENTINA 1100,C2061,"CENTRO POSTAL INTERNACIONAL","ANTARTIDA ARGENTINA 1100",C
12|ABEL+CHANETON,ABEL CHANETON 12,I3158,"CÓRDOBA CDD 5","ABEL CHANETON 12",X
12|ABEL+CHANETON,ABEL CHANETON 12,O8175,"CORDOBA CDD 5","CHANETON ABEL 12",X
14|4457,AV. 14 4457,I1152,"BERAZATEGUI","AV. 14 4457",B
14|4457,AV. 14 4457,O7835,"BERAZATEGUI","14 4457",B
1938|QUILMES,AV. LOS QUILMES 1938,I5788,"BERNAL CDD","AV. LOS QUILMES 1938",B
1938|QUILMES,AV. LOS QUILMES 1938,O7870,"BERNAL CENTRO DIST","LOS QUILMES 1938",B
210|COLÓN,AV. COLÓN 210,I2070,"CÓRDOBA","COLÓN 210",X
210|COLÓN,AV. COLÓN 210,I3890,"CÓRDOBA 1","AV. COLÓN 210",X
2379|LISANDRO+TORRE,DE LA TORRE DOCTOR LISANDRO 2379,I2898,"CASILDA","DR. LISANDRO DE LA TORRE 2379",S
2379|LISANDRO+TORRE,DE LA TORRE DOCTOR LISANDRO 2379,O7562,"CASILDA - CDD","DE LA TORRE DOCTOR LISANDRO 2379",S
25|MAYO+S/N,AV. 25 DE MAYO S/N,K3342,"B DE OVANTA UP MUNICIPALIDAD","25 DE MAYO S/N",K
25|MAYO+S/N,AV. 25 DE MAYO S/N,T0014,"BURRUYACU","AV. 25 DE MAYO S/N",T
2959|ARREDONDO+VIRREY,VIRREY ARREDONDO 2959,I6029,"CF - CDD 27","VIRREY ARREDONDO 2959",C
2959|ARREDONDO+VIRREY,VIRREY ARREDONDO 2959,O7955,"COLEGIALES CENTRO DIST 27","ARREDONDO VIRREY 2959",C
3001|JUAN+SAN,AV. SAN JUAN 3001,I1922,"CF - CDD 23","AV. SAN JUAN 3001",C
3001|JUAN+SAN,AV. SAN JUAN 3001,C0023,"SAN CRISTOBAL","SAN JUAN 3001",C
31|CARRASCO,AV. CARRASCO 31,I1908,"CF - SUC 7","AV. CARRASCO 31",C
31|CARRASCO,AV. CARRASCO 31,C0007,"FLORESTA","CARRASCO 31",C
3379|ANDRESITO+COMANDANTE,AVDA. COMANDANTE ANDRESITO 3379,I2613,"POSADAS","AVDA. COMANDANTE ANDRESITO 3379",N
3379|ANDRESITO+COMANDANTE,AVDA. COMANDANTE ANDRESITO 3379,O8207,"CLOG POSADAS","ANDRESITO COMANDANTE 3379",N
3443|GOBERNADOR+VALENTIN+VERGARA,VERGARA GOBERNADOR DOCTOR VALENTIN 3443,I1057,"HURLINGHAM CDD","AV. GDOR V VERGARA 3443",B
3443|GOBERNADOR+VALENTIN+VERGARA,VERGARA GOBERNADOR DOCTOR VALENTIN 3443,O7840,"HURLINGHAM CENTRO DIST","VERGARA GOBERNADOR DOCTOR VALENTIN 3443",B
3750|MARIANO+PELLIZA,PELLIZA MARIANO 3750,O7865,"VICENTE LOPEZ CENTRO DIST","PELLIZA MARIANO 3750",B
3750|MARIANO+PELLIZA,PELLIZA MARIANO 3750,O6519,"CDP CABA - NORTE","MARIANO PELLIZA 3750",C
401|BELGRANO+MANUEL,BELGRANO DOCTOR MANUEL 401,B5832,"SANTA LUCIA UP 1","BELGRANO MANUEL 401",B
401|BELGRANO+MANUEL,BELGRANO DOCTOR MANUEL 401,B0373,"PEDERNALES","BELGRANO DOCTOR MANUEL 401",B
44|2231,AV. 44 2231,I1164,"LA PLATA CDD 1","AV. 44 2231",B
44|2231,AV. 44 2231,O7875,"LA PLATA CDD 1","44 2231",B
4480|DOMINGO+LEVERATO,DOMINGO LEVERATO 4480,I1179,"BERISSO","DOMINGO LEVERATO 4480",B
4480|DOMINGO+LEVERATO,DOMINGO LEVERATO 4480,O7921,"BERISSO","LEVERATO DOMINGO 4480",B
494|MINEROS,AV. DE LOS MINEROS 494,I2845,"RÍO TURBIO","AV. DE LOS MINEROS 494",Z
494|MINEROS,AV. DE LOS MINEROS 494,Z0020,"RIO TURBIO","DE LOS MINEROS 494",Z
510|2247,CALLE 510 2247,O6517,"CLOG LA PLATA","510 2247",B
510|2247,CALLE 510 2247,B4260,"MANUEL B. GONNET SUCURSAL 15","CALLE 510 2247",B
58|OBLIGADO+RAFAEL,RAFAEL OBLIGADO 58,I6206,"SAN PEDRO CDD","RAFAEL OBLIGADO 58",B
58|OBLIGADO+RAFAEL,RAFAEL OBLIGADO 58,O7958,"SAN PEDRO","OBLIGADO RAFAEL 58",B
649|ANTONIO+MACHADO,ANTONIO MACHADO 649,I5926,"CF - CDD 5","ANTONIO MACHADO 649",C
649|ANTONIO+MACHADO,ANTONIO MACHADO 649,O7946,"5","MACHADO ANTONIO 649",C
650|ARGENTINA,AV. ARGENTINA 650,I2622,"JARDÍN AMÉRICA","AV. ARGENTINA 650",N
650|ARGENTINA,AV. ARGENTINA 650,N0046,"JARDIN AMERICA","ARGENTINA 650",N
690|GABRIEL+SAUREL,AV. GABRIEL SAUREL 690,I2674,"SAN MARTÍN DE LOS ANDES","AV. GABRIEL SAUREL 690",Q
690|GABRIEL+SAUREL,AV. GABRIEL SAUREL 690,O7426,"SAN MARTIN DE LOS ANDES","SAUREL GABRIEL 690",Q
73|919,CALLE 73 919,I6257,"LA PLATA CDD 5","CALLE 73 919",B
73|919,CALLE 73 919,O8182,"LA PLATA CENTRO DIST 5","73 919",B
805|CRAIG,PASAJE CRAIG 805,I1923,"CF - SUC 24","PASAJE CRAIG 805",C
805|CRAIG,PASAJE CRAIG 805,O7829,"24","CRAIG 805",C